,amount,avgCost,importPrice,serialNum
0,20,68.0,1360.0,6944910358360
12,6,10.0,60.0,1008861919350438
13,11,12.0,132.0,1008861919350616
14,6,10.0,60.0,1008861919350469
15,5,12.5,62.5,1008861919350452
16,8,9.8,78.4,1008862021070012
17,10,15.0,150.0,1008861919350377
18,4,16.9,67.6,1008861919350360
19,10,15.0,150.0,1008861919350322
20,19,13.5,256.5,1008861919350056
21,10,12.0,120.0,1008861919352081
22,3,19.5,58.5,1008861919353231
23,10,14.0,140.0,1008861919353361
24,6,14.0,84.0,1008861919353347
25,6,8.0,48.0,1008861919353323
26,4,13.9,55.6,1008861919353248
27,4,12.5,50.0,1008861919370120
28,10,11.0,110.0,1008862021070005
29,4,20.5,82.0,1008861919351329
30,4,16.5,66.0,1008861919353064
31,6,13.0,78.0,1008862021070008
32,6,11.6,69.6,1008861919353057
33,25,11.5,287.5,1008861919352159
34,6,13.8,82.8,1008861919352104
35,8,25.0,200.0,1008861919351350
36,8,12.5,100.0,1008862021070018
37,10,28.16,281.6,6371251252
38,4,31.68,126.72,6371251269
39,5,15.84,79.2,6371251261
40,3,15.84,47.52,6371251260
41,3,15.84,47.52,6371251259
51,5,15.84,79.2,6371251258
52,5,15.84,79.2,6371251257
53,10,17.6,176.0,6371251254
54,3,13.2,39.6,6371251241
55,10,17.6,176.0,6371251253
56,4,25.52,102.08,6371251270
57,5,7.74,38.7,6371251250
58,3,8.8,26.4,6371251249
59,3,12.14,36.42,6371251248
60,4,13.9,55.6,6371251247
61,5,16.54,82.7,6371251246
62,5,21.12,105.6,6371251245
63,2,7.04,14.08,6371251244
64,3,8.62,25.86,6371251243
65,5,11.26,56.3,6371251242
66,4,22.88,91.52,6371251275
67,5,11.26,56.3,6371251239
68,4,34.32,137.28,6371251271
69,3,12.14,36.42,6371251240
70,4,13.2,52.8,6371251234
71,5,11.26,56.3,6371251237
72,4,10.56,42.24,6371251274
73,4,22.88,91.52,6371251273
74,3,10.56,31.68,6371251236
75,4,28.16,112.64,6371251272
86,40,25.0,1000.0,6947773601901
87,18,32.0,576.0,6970079710763
88,6,63.0,378.0,6970567819022
89,16,43.0,688.0,6970525359997
90,18,32.0,576.0,6970079710336
91,20,10.0,200.0,6921665700194
92,10,135.0,1350.0,6970525356309
93,18,32.0,576.0,6970079710343
94,20,10.0,200.0,6921665732577
95,18,32.0,576.0,6970079710534
96,20,32.0,640.0,6972251252245
97,16,103.0,1648.0,6957890900336
98,20,35.0,700.0,6972251252856
99,20,70.0,1400.0,6943890900333
100,50,50.0,2500.0,6947689112454
101,20,18.0,360.0,6947689112102
102,20,26.0,520.0,6950327000518
103,10,230.0,2300.0,6974622050009
114,60,21.8,1308.0,6957335213015
115,20,37.0,740.0,6957335215026
116,36,22.3,802.8,6957335216016
117,105,21.0,2205.0,6933276212119
118,40,22.8,912.0,6933276212058
119,60,12.1,726.0,6943036809015
120,36,29.5,1062.0,6943036808032
131,30,9.0,270.0,6957258516156
132,30,11.0,330.0,6957258516224
133,30,11.0,330.0,6957258516231
134,20,24.0,480.0,6956432610086
135,20,24.0,480.0,6956432610079
136,16,25.0,400.0,6953042701524
137,16,25.0,400.0,6953042701531
138,16,25.0,400.0,6953042701548
139,20,15.5,310.0,6972500149814
140,36,12.2,439.2,6901715292527
141,36,3.7,133.2,6901715292541
142,60,8.5,510.0,6901715291247
143,60,26.0,1560.0,6952675321123
144,30,18.0,540.0,6936001302949
145,30,18.0,540.0,6936001302963
146,20,15.5,310.0,6972500148121
147,24,7.5,180.0,6926507201327
148,40,46.0,1840.0,8809022200885
149,30,23.0,690.0,6926507202591
150,20,12.5,250.0,6957666000681
151,20,12.5,250.0,6957666000698
152,12,14.5,174.0,6975287200747
153,30,9.0,270.0,6975287200365
154,24,8.5,204.0,6975287200488
155,24,8.5,204.0,6975287200259
156,30,9.0,270.0,6975287200358
157,24,11.0,264.0,6975287200266
158,60,12.0,720.0,6952675390211
159,60,3.5,210.0,6935284415667
160,60,3.5,210.0,6935284415650
170,18,19.0,342.0,6935284415162
171,20,15.0,300.0,6972500140491
172,20,15.0,300.0,6972500140293
173,20,23.5,470.0,4897038895304
174,20,23.5,470.0,4897038895298
175,20,23.5,470.0,4897038895281
176,24,22.0,528.0,4897031353597
187,12,23.0,276.0,6928494805274
188,12,9.8,117.6,6928494805267
189,12,9.8,117.6,6928494805250
190,12,11.6,139.2,6971550820643
191,48,6.5,312.0,6971550820001
192,8,9.0,72.0,6971550820155
193,10,15.8,158.0,6928494805717
194,12,11.6,139.2,6971550820650
195,12,11.5,138.0,6928494806455
196,5,36.0,180.0,6904007602035
197,5,36.0,180.0,6904007602578
198,10,66.0,660.0,6907992514604
199,15,66.0,990.0,6907992514178
200,16,57.0,912.0,6907992513829
201,10,48.0,480.0,6970037312114
202,18,40.0,720.0,6970037312640
203,5,36.0,180.0,6904007605920
204,60,7.3,438.0,6904007605050
205,30,38.0,1140.0,6904007606606
206,10,65.0,650.0,6907992516691
207,6,33.5,201.0,6904007606569
208,6,70.0,420.0,6907992518930
219,90,50.0,4500.0,6923644266318
220,12,16.5,198.0,6970339116557
232,24,7.5,180.0,6970618570070
233,19,7.5,142.5,6970618570162
234,9,24.0,216.0,6970618570193
235,12,22.0,264.0,6970618570414
236,96,3.5,336.0,6970339117097
237,20,5.8,116.0,6970339117646
238,20,5.8,116.0,6970339117639
239,12,20.0,240.0,6970339117677
240,96,3.0,288.0,6970339117233
241,96,3.8,364.8,6970339116120
242,30,5.8,174.0,6970339116588
243,96,2.8,268.8,6970339116144
244,96,3.8,364.8,6970339116137
245,20,5.8,116.0,6970339117653
246,6,28.0,168.0,6970618570698
247,24,7.5,180.0,6932365575104
248,24,7.5,180.0,6932365575111
